EventN,TriggerN,TimestampBegin,TimestampEnd
1,1,350775,350800
2,2,6600775,6600800
3,3,12850775,12850800
4,4,19100775,19100800
5,5,25350775,25350800
6,6,31600775,31600800
7,7,37850775,37850800
8,8,44100775,44100800
9,9,50350775,50350800
10,10,56600775,56600800
11,11,62850775,62850800
12,12,69100775,69100800
13,13,75350775,75350800
14,14,81600775,81600800
15,15,87850775,87850800
16,16,94100775,94100800
17,17,100350775,100350800
18,18,106600775,106600800
19,19,112850775,112850800
20,20,119100775,119100800
21,21,125350775,125350800
22,22,131600775,131600800
23,23,137850775,137850800
24,24,144100775,144100800
25,25,150350775,150350800
26,26,156600775,156600800
27,27,162850775,162850800
28,28,169100775,169100800
29,29,175350775,175350800
30,30,181600775,181600800
31,31,187850775,187850800
32,32,194100775,194100800
33,33,200350775,200350800
34,34,206600775,206600800
35,35,212850775,212850800
36,36,219100775,219100800
37,37,225350775,225350800
38,38,231600775,231600800
39,39,237850775,237850800
40,40,244100775,244100800
41,41,250350775,250350800
42,42,256600775,256600800
43,43,262850775,262850800
44,44,269100775,269100800
45,45,275350775,275350800
46,46,281600775,281600800
47,47,287850775,287850800
48,48,294100775,294100800
49,49,300350775,300350800
50,50,306600775,306600800
51,51,312850775,312850800
52,52,319100775,319100800
53,53,325350775,325350800
54,54,331600775,331600800
55,55,337850775,337850800
56,56,344100775,344100800
57,57,350350775,350350800
58,58,356600775,356600800
59,59,362850775,362850800
60,60,369100775,369100800
61,61,375350775,375350800
62,62,381600775,381600800
63,63,387850775,387850800
64,64,394100775,394100800
65,65,400350775,400350800
66,66,406600775,406600800
67,67,412850775,412850800
68,68,419100775,419100800
69,69,425350775,425350800
70,70,431600775,431600800
71,71,437850775,437850800
72,72,444100775,444100800
73,73,450350775,450350800
74,74,456600775,456600800
75,75,462850775,462850800
76,76,469100775,469100800
77,77,475350775,475350800
78,78,481600775,481600800
79,79,487850775,487850800
80,80,494100775,494100800
81,81,500350775,500350800
82,82,506600775,506600800
83,83,512850775,512850800
84,84,519100775,519100800
85,85,525350775,525350800
86,86,531600775,531600800
87,87,537850775,537850800
88,88,544100775,544100800
89,89,550350775,550350800
90,90,556600775,556600800
91,91,562850775,562850800
92,92,569100775,569100800
93,93,575350775,575350800
94,94,581600775,581600800
95,95,587850775,587850800
96,96,594100775,594100800
97,97,600350775,600350800
98,98,606600775,606600800
99,99,612850775,612850800
100,100,619100775,619100800
101,101,625350775,625350800
102,102,631600775,631600800
103,103,637850775,637850800
104,104,644100775,644100800
105,105,650350775,650350800
106,106,656600775,656600800
107,107,662850775,662850800
108,108,669100775,669100800
109,109,675350775,675350800
110,110,681600775,681600800
111,111,687850775,687850800
112,112,694100775,694100800
113,113,700350775,700350800
114,114,706600775,706600800
115,115,712850775,712850800
116,116,719100775,719100800
117,117,725350775,725350800
118,118,731600775,731600800
119,119,737850775,737850800
120,120,744100775,744100800
121,121,750350775,750350800
122,122,756600775,756600800
123,123,762850775,762850800
124,124,769100775,769100800
125,125,775350775,775350800
126,126,781600775,781600800
127,127,787850775,787850800
128,128,794100775,794100800
129,129,800350775,800350800
130,130,806600775,806600800
131,131,812850775,812850800
132,132,819100775,819100800
133,133,825350775,825350800
134,134,831600775,831600800
135,135,837850775,837850800
136,136,844100775,844100800
137,137,850350775,850350800
138,138,856600775,856600800
139,139,862850775,862850800
140,140,869100775,869100800
141,141,875350775,875350800
142,142,881600775,881600800
143,143,887850775,887850800
144,144,894100775,894100800
145,145,900350775,900350800
146,146,906600775,906600800
147,147,912850775,912850800
148,148,919100775,919100800
149,149,925350775,925350800
150,150,931600775,931600800
151,151,937850775,937850800
152,152,944100775,944100800
153,153,950350775,950350800
154,154,956600775,956600800
155,155,962850775,962850800
156,156,969100775,969100800
157,157,975350775,975350800
158,158,981600775,981600800
159,159,987850775,987850800
160,160,994100775,994100800
161,161,1000350775,1000350800
162,162,1006600775,1006600800
163,163,1012850775,1012850800
164,164,1019100775,1019100800
165,165,1025350775,1025350800
166,166,1031600775,1031600800
167,167,1037850775,1037850800
168,168,1044100775,1044100800
169,169,1050350775,1050350800
170,170,1056600775,1056600800
171,171,1062850775,1062850800
172,172,1069100775,1069100800
173,173,1075350775,1075350800
174,174,1081600775,1081600800
175,175,1087850775,1087850800
176,176,1094100775,1094100800
177,177,1100350775,1100350800
178,178,1106600775,1106600800
179,179,1112850775,1112850800
180,180,1119100775,1119100800
181,181,1125350775,1125350800
182,182,1131600775,1131600800
183,183,1137850775,1137850800
184,184,1144100775,1144100800
185,185,1150350775,1150350800
186,186,1156600775,1156600800
187,187,1162850775,1162850800
188,188,1169100775,1169100800
189,189,1175350775,1175350800
190,190,1181600775,1181600800
191,191,1187850775,1187850800
192,192,1194100775,1194100800
193,193,1200350775,1200350800
194,194,1206600775,1206600800
195,195,1212850775,1212850800
196,196,1219100775,1219100800
197,197,1225350775,1225350800
198,198,1231600775,1231600800
199,199,1237850775,1237850800
200,200,1244100775,1244100800
201,201,1250350775,1250350800
202,202,1256600775,1256600800
203,203,1262850775,1262850800
204,204,1269100775,1269100800
205,205,1275350775,1275350800
206,206,1281600775,1281600800
207,207,1287850775,1287850800
208,208,1294100775,1294100800
209,209,1300350775,1300350800
210,210,1306600775,1306600800
211,211,1312850775,1312850800
212,212,1319100775,1319100800
213,213,1325350775,1325350800
214,214,1331600775,1331600800
215,215,1337850775,1337850800
216,216,1344100775,1344100800
217,217,1350350775,1350350800
218,218,1356600775,1356600800
219,219,1362850775,1362850800
220,220,1369100775,1369100800
221,221,1375350775,1375350800
222,222,1381600775,1381600800
223,223,1387850775,1387850800
224,224,1394100775,1394100800
225,225,1400350775,1400350800
226,226,1406600775,1406600800
227,227,1412850775,1412850800
228,228,1419100775,1419100800
229,229,1425350775,1425350800
230,230,1431600775,1431600800
231,231,1437850775,1437850800
232,232,1444100775,1444100800
233,233,1450350775,1450350800
234,234,1456600775,1456600800
235,235,1462850775,1462850800
236,236,1469100775,1469100800
237,237,1475350775,1475350800
238,238,1481600775,1481600800
239,239,1487850775,1487850800
240,240,1494100775,1494100800
241,241,1500350775,1500350800
242,242,1506600775,1506600800
243,243,1512850775,1512850800
244,244,1519100775,1519100800
245,245,1525350775,1525350800
246,246,1531600775,1531600800
247,247,1537850775,1537850800
248,248,1544100775,1544100800
249,249,1550350775,1550350800
250,250,1556600775,1556600800
251,251,1562850775,1562850800
252,252,1569100775,1569100800
253,253,1575350775,1575350800
254,254,1581600775,1581600800
255,255,1587850775,1587850800
256,256,1594100775,1594100800
257,257,1600350775,1600350800
258,258,1606600775,1606600800
259,259,1612850775,1612850800
260,260,1619100775,1619100800
261,261,1625350775,1625350800
262,262,1631600775,1631600800
263,263,1637850775,1637850800
264,264,1644100775,1644100800
265,265,1650350775,1650350800
266,266,1656600775,1656600800
267,267,1662850775,1662850800
268,268,1669100775,1669100800
269,269,1675350775,1675350800
270,270,1681600775,1681600800
271,271,1687850775,1687850800
272,272,1694100775,1694100800
273,273,1700350775,1700350800
274,274,1706600775,1706600800
275,275,1712850775,1712850800
276,276,1719100775,1719100800
277,277,1725350775,1725350800
278,278,1731600775,1731600800
279,279,1737850775,1737850800
280,280,1744100775,1744100800
281,281,1750350775,1750350800
282,282,1756600775,1756600800
283,283,1762850775,1762850800
284,284,1769100775,1769100800
285,285,1775350775,1775350800
286,286,1781600775,1781600800
287,287,1787850775,1787850800
288,288,1794100775,1794100800
289,289,1800350775,1800350800
290,290,1806600775,1806600800
291,291,1812850775,1812850800
292,292,1819100775,1819100800
293,293,1825350775,1825350800
294,294,1831600775,1831600800
295,295,1837850775,1837850800
296,296,1844100775,1844100800
297,297,1850350775,1850350800
298,298,1856600775,1856600800
299,299,1862850775,1862850800
300,300,1869100775,1869100800
301,301,1875350775,1875350800
302,302,1881600775,1881600800
303,303,1887850775,1887850800
304,304,1894100775,1894100800
305,305,1900350775,1900350800
306,306,1906600775,1906600800
307,307,1912850775,1912850800
308,308,1919100775,1919100800
309,309,1925350775,1925350800
310,310,1931600775,1931600800
311,311,1937850775,1937850800
312,312,1944100775,1944100800
313,313,1950350775,1950350800
314,314,1956600775,1956600800
315,315,1962850775,1962850800
316,316,1969100775,1969100800
317,317,1975350775,1975350800
318,318,1981600775,1981600800
319,319,1987850775,1987850800
320,320,1994100775,1994100800
321,321,2000350775,2000350800
322,322,2006600775,2006600800
323,323,2012850775,2012850800
324,324,2019100775,2019100800
325,325,2025350775,2025350800
326,326,2031600775,2031600800
327,327,2037850775,2037850800
328,328,2044100775,2044100800
329,329,2050350775,2050350800
330,330,2056600775,2056600800
331,331,2062850775,2062850800
332,332,2069100775,2069100800
333,333,2075350775,2075350800
334,334,2081600775,2081600800
335,335,2087850775,2087850800
336,336,2094100775,2094100800
337,337,2100350775,2100350800
338,338,2106600775,2106600800
339,339,2112850775,2112850800
340,340,2119100775,2119100800
341,341,2125350775,2125350800
342,342,2131600775,2131600800
343,343,2137850775,2137850800
344,344,2144100775,2144100800
345,345,2150350775,2150350800
346,346,2156600775,2156600800
347,347,2162850775,2162850800
348,348,2169100775,2169100800
349,349,2175350775,2175350800
350,350,2181600775,2181600800
351,351,2187850775,2187850800
352,352,2194100775,2194100800
353,353,2200350775,2200350800
354,354,2206600775,2206600800
355,355,2212850775,2212850800
356,356,2219100775,2219100800
357,357,2225350775,2225350800
358,358,2231600775,2231600800
359,359,2237850775,2237850800
360,360,2244100775,2244100800
361,361,2250350775,2250350800
362,362,2256600775,2256600800
363,363,2262850775,2262850800
364,364,2269100775,2269100800
365,365,2275350775,2275350800
366,366,2281600775,2281600800
367,367,2287850775,2287850800
368,368,2294100775,2294100800
369,369,2300350775,2300350800
370,370,2306600775,2306600800
371,371,2312850775,2312850800
372,372,2319100775,2319100800
373,373,2325350775,2325350800
374,374,2331600775,2331600800
375,375,2337850775,2337850800
376,376,2344100775,2344100800
377,377,2350350775,2350350800
378,378,2356600775,2356600800
379,379,2362850775,2362850800
380,380,2369100775,2369100800
381,381,2375350775,2375350800
382,382,2381600775,2381600800
383,383,2387850775,2387850800
384,384,2394100775,2394100800
385,385,2400350775,2400350800
386,386,2406600775,2406600800
387,387,2412850775,2412850800
388,388,2419100775,2419100800
389,389,2425350775,2425350800
390,390,2431600775,2431600800
391,391,2437850775,2437850800
392,392,2444100775,2444100800
393,393,2450350775,2450350800
394,394,2456600775,2456600800
395,395,2462850775,2462850800
396,396,2469100775,2469100800
397,397,2475350775,2475350800
398,398,2481600775,2481600800
399,399,2487850775,2487850800
400,400,2494100775,2494100800
401,401,2500350775,2500350800
402,402,2506600775,2506600800
403,403,2512850775,2512850800
404,404,2519100775,2519100800
405,405,2525350775,2525350800
406,406,2531600775,2531600800
407,407,2537850775,2537850800
408,408,2544100775,2544100800
409,409,2550350775,2550350800
410,410,2556600775,2556600800
411,411,2562850775,2562850800
412,412,2569100775,2569100800
413,413,2575350775,2575350800
414,414,2581600775,2581600800
415,415,2587850775,2587850800
416,416,2594100775,2594100800
417,417,2600350775,2600350800
418,418,2606600775,2606600800
419,419,2612850775,2612850800
420,420,2619100775,2619100800
421,421,2625350775,2625350800
422,422,2631600775,2631600800
423,423,2637850775,2637850800
424,424,2644100775,2644100800
425,425,2650350775,2650350800
426,426,2656600775,2656600800
427,427,2662850775,2662850800
428,428,2669100775,2669100800
429,429,2675350775,2675350800
430,430,2681600775,2681600800
431,431,2687850775,2687850800
432,432,2694100775,2694100800
433,433,2700350775,2700350800
434,434,2706600775,2706600800
435,435,2712850775,2712850800
436,436,2719100775,2719100800
437,437,2725350775,2725350800
438,438,2731600775,2731600800
439,439,2737850775,2737850800
440,440,2744100775,2744100800
441,441,2750350775,2750350800
442,442,2756600775,2756600800
443,443,2762850775,2762850800
444,444,2769100775,2769100800
445,445,2775350775,2775350800
446,446,2781600775,2781600800
447,447,2787850775,2787850800
448,448,2794100775,2794100800
449,449,2800350775,2800350800
450,450,2806600775,2806600800
451,451,2812850775,2812850800
452,452,2819100775,2819100800
453,453,2825350775,2825350800
454,454,2831600775,2831600800
455,455,2837850775,2837850800
456,456,2844100775,2844100800
457,457,2850350775,2850350800
458,458,2856600775,2856600800
459,459,2862850775,2862850800
460,460,2869100775,2869100800
461,461,2875350775,2875350800
462,462,2881600775,2881600800
463,463,2887850775,2887850800
464,464,2894100775,2894100800
465,465,2900350775,2900350800
466,466,2906600775,2906600800
467,467,2912850775,2912850800
468,468,2919100775,2919100800
469,469,2925350775,2925350800
470,470,2931600775,2931600800
471,471,2937850775,2937850800
472,472,2944100775,2944100800
473,473,2950350775,2950350800
474,474,2956600775,2956600800
475,475,2962850775,2962850800
476,476,2969100775,2969100800
477,477,2975350775,2975350800
478,478,2981600775,2981600800
479,479,2987850775,2987850800
480,480,2994100775,2994100800
481,481,3000350775,3000350800
482,482,3006600775,3006600800
483,483,3012850775,3012850800
484,484,3019100775,3019100800
485,485,3025350775,3025350800
486,486,3031600775,3031600800
487,487,3037850775,3037850800
488,488,3044100775,3044100800
489,489,3050350775,3050350800
490,490,3056600775,3056600800
491,491,3062850775,3062850800
492,492,3069100775,3069100800
493,493,3075350775,3075350800
494,494,3081600775,3081600800
495,495,3087850775,3087850800
496,496,3094100775,3094100800
497,497,3100350775,3100350800
498,498,3106600775,3106600800
499,499,3112850775,3112850800
500,500,3119100775,3119100800
501,501,3125350775,3125350800
502,502,3131600775,3131600800
503,503,3137850775,3137850800
504,504,3144100775,3144100800
505,505,3150350775,3150350800
506,506,3156600775,3156600800
507,507,3162850775,3162850800
508,508,3169100775,3169100800
509,509,3175350775,3175350800
510,510,3181600775,3181600800
511,511,3187850775,3187850800
512,512,3194100775,3194100800
513,513,3200350775,3200350800
514,514,3206600775,3206600800
515,515,3212850775,3212850800
516,516,3219100775,3219100800
517,517,3225350775,3225350800
518,518,3231600775,3231600800
519,519,3237850775,3237850800
520,520,3244100775,3244100800
521,521,3250350775,3250350800
522,522,3256600775,3256600800
523,523,3262850775,3262850800
524,524,3269100775,3269100800
525,525,3275350775,3275350800
526,526,3281600775,3281600800
527,527,3287850775,3287850800
528,528,3294100775,3294100800
529,529,3300350775,3300350800
530,530,3306600775,3306600800
531,531,3312850775,3312850800
532,532,3319100775,3319100800
533,533,3325350775,3325350800
534,534,3331600775,3331600800
535,535,3337850775,3337850800
536,536,3344100775,3344100800
537,537,3350350775,3350350800
538,538,3356600775,3356600800
539,539,3362850775,3362850800
540,540,3369100775,3369100800
541,541,3375350775,3375350800
542,542,3381600775,3381600800
543,543,3387850775,3387850800
544,544,3394100775,3394100800
545,545,3400350775,3400350800
546,546,3406600775,3406600800
547,547,3412850775,3412850800
548,548,3419100775,3419100800
549,549,3425350775,3425350800
550,550,3431600775,3431600800
551,551,3437850775,3437850800
552,552,3444100775,3444100800
553,553,3450350775,3450350800
554,554,3456600775,3456600800
555,555,3462850775,3462850800
556,556,3469100775,3469100800
557,557,3475350775,3475350800
558,558,3481600775,3481600800
559,559,3487850775,3487850800
560,560,3494100775,3494100800
561,561,3500350775,3500350800
562,562,3506600775,3506600800
563,563,3512850775,3512850800
564,564,3519100775,3519100800
565,565,3525350775,3525350800
566,566,3531600775,3531600800
567,567,3537850775,3537850800
568,568,3544100775,3544100800
569,569,3550350775,3550350800
570,570,3556600775,3556600800
571,571,3562850775,3562850800
572,572,3569100775,3569100800
573,573,3575350775,3575350800
574,574,3581600775,3581600800
575,575,3587850775,3587850800
576,576,3594100775,3594100800
577,577,3600350775,3600350800
578,578,3606600775,3606600800
579,579,3612850775,3612850800
580,580,3619100775,3619100800
581,581,3625350775,3625350800
582,582,3631600775,3631600800
583,583,3637850775,3637850800
584,584,3644100775,3644100800
585,585,3650350775,3650350800
586,586,3656600775,3656600800
587,587,3662850775,3662850800
588,588,3669100775,3669100800
589,589,3675350775,3675350800
590,590,3681600775,3681600800
591,591,3687850775,3687850800
592,592,3694100775,3694100800
593,593,3700350775,3700350800
594,594,3706600775,3706600800
595,595,3712850775,3712850800
596,596,3719100775,3719100800
597,597,3725350775,3725350800
598,598,3731600775,3731600800
599,599,3737850775,3737850800
600,600,3744100775,3744100800
601,601,3750350775,3750350800
602,602,3756600775,3756600800
603,603,3762850775,3762850800
604,604,3769100775,3769100800
605,605,3775350775,3775350800
606,606,3781600775,3781600800
607,607,3787850775,3787850800
608,608,3794100775,3794100800
609,609,3800350775,3800350800
610,610,3806600775,3806600800
611,611,3812850775,3812850800
612,612,3819100775,3819100800
613,613,3825350775,3825350800
614,614,3831600775,3831600800
615,615,3837850775,3837850800
616,616,3844100775,3844100800
617,617,3850350775,3850350800
618,618,3856600775,3856600800
619,619,3862850775,3862850800
620,620,3869100775,3869100800
621,621,3875350775,3875350800
622,622,3881600775,3881600800
623,623,3887850775,3887850800
624,624,3894100775,3894100800
625,625,3900350775,3900350800
626,626,3906600775,3906600800
627,627,3912850775,3912850800
628,628,3919100775,3919100800
629,629,3925350775,3925350800
630,630,3931600775,3931600800
631,631,3937850775,3937850800
632,632,3944100775,3944100800
633,633,3950350775,3950350800
634,634,3956600775,3956600800
635,635,3962850775,3962850800
636,636,3969100775,3969100800
637,637,3975350775,3975350800
638,638,3981600775,3981600800
639,639,3987850775,3987850800
640,640,3994100775,3994100800
641,641,4000350775,4000350800
642,642,4006600775,4006600800
643,643,4012850775,4012850800
644,644,4019100775,4019100800
645,645,4025350775,4025350800
646,646,4031600775,4031600800
647,647,4037850775,4037850800
648,648,4044100775,4044100800
649,649,4050350775,4050350800
650,650,4056600775,4056600800
651,651,4062850775,4062850800
652,652,4069100775,4069100800
653,653,4075350775,4075350800
654,654,4081600775,4081600800
655,655,4087850775,4087850800
656,656,4094100775,4094100800
657,657,4100350775,4100350800
658,658,4106600775,4106600800
659,659,4112850775,4112850800
660,660,4119100775,4119100800
661,661,4125350775,4125350800
662,662,4131600775,4131600800
663,663,4137850775,4137850800
664,664,4144100775,4144100800
665,665,4150350775,4150350800
666,666,4156600775,4156600800
667,667,4162850775,4162850800
668,668,4169100775,4169100800
669,669,4175350775,4175350800
670,670,4181600775,4181600800
671,671,4187850775,4187850800
672,672,4194100775,4194100800
673,673,4200350775,4200350800
674,674,4206600775,4206600800
675,675,4212850775,4212850800
676,676,4219100775,4219100800
677,677,4225350775,4225350800
678,678,4231600775,4231600800
679,679,4237850775,4237850800
680,680,4244100775,4244100800
681,681,4250350775,4250350800
682,682,4256600775,4256600800
683,683,4262850775,4262850800
684,684,4269100775,4269100800
685,685,4275350775,4275350800
686,686,4281600775,4281600800
687,687,4287850775,4287850800
688,688,4294100775,4294100800
689,689,4300350775,4300350800
690,690,4306600775,4306600800
691,691,4312850775,4312850800
692,692,4319100775,4319100800
693,693,4325350775,4325350800
694,694,4331600775,4331600800
695,695,4337850775,4337850800
696,696,4344100775,4344100800
697,697,4350350775,4350350800
698,698,4356600775,4356600800
699,699,4362850775,4362850800
700,700,4369100775,4369100800
701,701,4375350775,4375350800
702,702,4381600775,4381600800
703,703,4387850775,4387850800
704,704,4394100775,4394100800
705,705,4400350775,4400350800
706,706,4406600775,4406600800
707,707,4412850775,4412850800
708,708,4419100775,4419100800
709,709,4425350775,4425350800
710,710,4431600775,4431600800
711,711,4437850775,4437850800
712,712,4444100775,4444100800
713,713,4450350775,4450350800
714,714,4456600775,4456600800
715,715,4462850775,4462850800
716,716,4469100775,4469100800
717,717,4475350775,4475350800
718,718,4481600775,4481600800
719,719,4487850775,4487850800
720,720,4494100775,4494100800
721,721,4500350775,4500350800
722,722,4506600775,4506600800
723,723,4512850775,4512850800
724,724,4519100775,4519100800
725,725,4525350775,4525350800
726,726,4531600775,4531600800
727,727,4537850775,4537850800
728,728,4544100775,4544100800
729,729,4550350775,4550350800
730,730,4556600775,4556600800
731,731,4562850775,4562850800
732,732,4569100775,4569100800
733,733,4575350775,4575350800
734,734,4581600775,4581600800
735,735,4587850775,4587850800
736,736,4594100775,4594100800
737,737,4600350775,4600350800
738,738,4606600775,4606600800
739,739,4612850775,4612850800
740,740,4619100775,4619100800
741,741,4625350775,4625350800
742,742,4631600775,4631600800
743,743,4637850775,4637850800
744,744,4644100775,4644100800
745,745,4650350775,4650350800
746,746,4656600775,4656600800
747,747,4662850775,4662850800
748,748,4669100775,4669100800
749,749,4675350775,4675350800
750,750,4681600775,4681600800
751,751,4687850775,4687850800
752,752,4694100775,4694100800
753,753,4700350775,4700350800
754,754,4706600775,4706600800
755,755,4712850775,4712850800
756,756,4719100775,4719100800
757,757,4725350775,4725350800
758,758,4731600775,4731600800
759,759,4737850775,4737850800
760,760,4744100775,4744100800
761,761,4750350775,4750350800
762,762,4756600775,4756600800
763,763,4762850775,4762850800
764,764,4769100775,4769100800
765,765,4775350775,4775350800
766,766,4781600775,4781600800
767,767,4787850775,4787850800
768,768,4794100775,4794100800
769,769,4800350775,4800350800
770,770,4806600775,4806600800
771,771,4812850775,4812850800
772,772,4819100775,4819100800
773,773,4825350775,4825350800
774,774,4831600775,4831600800
775,775,4837850775,4837850800
776,776,4844100775,4844100800
777,777,4850350775,4850350800
778,778,4856600775,4856600800
779,779,4862850775,4862850800
780,780,4869100775,4869100800
781,781,4875350775,4875350800
782,782,4881600775,4881600800
783,783,4887850775,4887850800
784,784,4894100775,4894100800
785,785,4900350775,4900350800
786,786,4906600775,4906600800
787,787,4912850775,4912850800
788,788,4919100775,4919100800
789,789,4925350775,4925350800
790,790,4931600775,4931600800
791,791,4937850775,4937850800
792,792,4944100775,4944100800
793,793,4950350775,4950350800
794,794,4956600775,4956600800
795,795,4962850775,4962850800
796,796,4969100775,4969100800
797,797,4975350775,4975350800
798,798,4981600775,4981600800
799,799,4987850775,4987850800
800,800,4994100775,4994100800
801,801,5000350775,5000350800
802,802,5006600775,5006600800
803,803,5012850775,5012850800
804,804,5019100775,5019100800
805,805,5025350775,5025350800
806,806,5031600775,5031600800
807,807,5037850775,5037850800
808,808,5044100775,5044100800
809,809,5050350775,5050350800
810,810,5056600775,5056600800
811,811,5062850775,5062850800
812,812,5069100775,5069100800
813,813,5075350775,5075350800
814,814,5081600775,5081600800
815,815,5087850775,5087850800
816,816,5094100775,5094100800
817,817,5100350775,5100350800
818,818,5106600775,5106600800
819,819,5112850775,5112850800
820,820,5119100775,5119100800
821,821,5125350775,5125350800
822,822,5131600775,5131600800
823,823,5137850775,5137850800
824,824,5144100775,5144100800
825,825,5150350775,5150350800
826,826,5156600775,5156600800
827,827,5162850775,5162850800
828,828,5169100775,5169100800
829,829,5175350775,5175350800
830,830,5181600775,5181600800
831,831,5187850775,5187850800
832,832,5194100775,5194100800
833,833,5200350775,5200350800
834,834,5206600775,5206600800
835,835,5212850775,5212850800
836,836,5219100775,5219100800
837,837,5225350775,5225350800
838,838,5231600775,5231600800
839,839,5237850775,5237850800
840,840,5244100775,5244100800
841,841,5250350775,5250350800
842,842,5256600775,5256600800
843,843,5262850775,5262850800
844,844,5269100775,5269100800
845,845,5275350775,5275350800
846,846,5281600775,5281600800
847,847,5287850775,5287850800
848,848,5294100775,5294100800
849,849,5300350775,5300350800
850,850,5306600775,5306600800
851,851,5312850775,5312850800
852,852,5319100775,5319100800
853,853,5325350775,5325350800
854,854,5331600775,5331600800
855,855,5337850775,5337850800
856,856,5344100775,5344100800
857,857,5350350775,5350350800
858,858,5356600775,5356600800
859,859,5362850775,5362850800
860,860,5369100775,5369100800
861,861,5375350775,5375350800
862,862,5381600775,5381600800
863,863,5387850775,5387850800
864,864,5394100775,5394100800
865,865,5400350775,5400350800
866,866,5406600775,5406600800
867,867,5412850775,5412850800
868,868,5419100775,5419100800
869,869,5425350775,5425350800
870,870,5431600775,5431600800
871,871,5437850775,5437850800
872,872,5444100775,5444100800
873,873,5450350775,5450350800
874,874,5456600775,5456600800
875,875,5462850775,5462850800
876,876,5469100775,5469100800
877,877,5475350775,5475350800
878,878,5481600775,5481600800
879,879,5487850775,5487850800
880,880,5494100775,5494100800
881,881,5500350775,5500350800
882,882,5506600775,5506600800
883,883,5512850775,5512850800
884,884,5519100775,5519100800
885,885,5525350775,5525350800
886,886,5531600775,5531600800
887,887,5537850775,5537850800
888,888,5544100775,5544100800
889,889,5550350775,5550350800
890,890,5556600775,5556600800
891,891,5562850775,5562850800
892,892,5569100775,5569100800
893,893,5575350775,5575350800
894,894,5581600775,5581600800
895,895,5587850775,5587850800
896,896,5594100775,5594100800
897,897,5600350775,5600350800
898,898,5606600775,5606600800
899,899,5612850775,5612850800
900,900,5619100775,5619100800
901,901,5625350775,5625350800
902,902,5631600775,5631600800
903,903,5637850775,5637850800
904,904,5644100775,5644100800
905,905,5650350775,5650350800
906,906,5656600775,5656600800
907,907,5662850775,5662850800
908,908,5669100775,5669100800
909,909,5675350775,5675350800
910,910,5681600775,5681600800
911,911,5687850775,5687850800
912,912,5694100775,5694100800
913,913,5700350775,5700350800
914,914,5706600775,5706600800
915,915,5712850775,5712850800
916,916,5719100775,5719100800
917,917,5725350775,5725350800
918,918,5731600775,5731600800
919,919,5737850775,5737850800
920,920,5744100775,5744100800
921,921,5750350775,5750350800
922,922,5756600775,5756600800
923,923,5762850775,5762850800
924,924,5769100775,5769100800
925,925,5775350775,5775350800
926,926,5781600775,5781600800
927,927,5787850775,5787850800
928,928,5794100775,5794100800
929,929,5800350775,5800350800
930,930,5806600775,5806600800
931,931,5812850775,5812850800
932,932,5819100775,5819100800
933,933,5825350775,5825350800
934,934,5831600775,5831600800
935,935,5837850775,5837850800
936,936,5844100775,5844100800
937,937,5850350775,5850350800
938,938,5856600775,5856600800
939,939,5862850775,5862850800
940,940,5869100775,5869100800
941,941,5875350775,5875350800
942,942,5881600775,5881600800
943,943,5887850775,5887850800
944,944,5894100775,5894100800
945,945,5900350775,5900350800
946,946,5906600775,5906600800
947,947,5912850775,5912850800
948,948,5919100775,5919100800
949,949,5925350775,5925350800
950,950,5931600775,5931600800
951,951,5937850775,5937850800
952,952,5944100775,5944100800
953,953,5950350775,5950350800
954,954,5956600775,5956600800
955,955,5962850775,5962850800
956,956,5969100775,5969100800
957,957,5975350775,5975350800
958,958,5981600775,5981600800
959,959,5987850775,5987850800
960,960,5994100775,5994100800
961,961,6000350775,6000350800
962,962,6006600775,6006600800
963,963,6012850775,6012850800
964,964,6019100775,6019100800
965,965,6025350775,6025350800
966,966,6031600775,6031600800
967,967,6037850775,6037850800
968,968,6044100775,6044100800
969,969,6050350775,6050350800
970,970,6056600775,6056600800
971,971,6062850775,6062850800
972,972,6069100775,6069100800
973,973,6075350775,6075350800
974,974,6081600775,6081600800
975,975,6087850775,6087850800
976,976,6094100775,6094100800
977,977,6100350775,6100350800
978,978,6106600775,6106600800
979,979,6112850775,6112850800
980,980,6119100775,6119100800
981,981,6125350775,6125350800
982,982,6131600775,6131600800
983,983,6137850775,6137850800
984,984,6144100775,6144100800
985,985,6150350775,6150350800
986,986,6156600775,6156600800
987,987,6162850775,6162850800
988,988,6169100775,6169100800
989,989,6175350775,6175350800
990,990,6181600775,6181600800
991,991,6187850775,6187850800
992,992,6194100775,6194100800
993,993,6200350775,6200350800
994,994,6206600775,6206600800
995,995,6212850775,6212850800
996,996,6219100775,6219100800
997,997,6225350775,6225350800
998,998,6231600775,6231600800
999,999,6237850775,6237850800
1000,1000,6244100775,6244100800
1001,1001,6250350775,6250350800
1002,1002,6256600775,6256600800
1003,1003,6262850775,6262850800
1004,1004,6269100775,6269100800
1005,1005,6275350775,6275350800
1006,1006,6281600775,6281600800
1007,1007,6287850775,6287850800
1008,1008,6294100775,6294100800
1009,1009,6300350775,6300350800
1010,1010,6306600775,6306600800
1011,1011,6312850775,6312850800
1012,1012,6319100775,6319100800
1013,1013,6325350775,6325350800
1014,1014,6331600775,6331600800
1015,1015,6337850775,6337850800
1016,1016,6344100775,6344100800
1017,1017,6350350775,6350350800
1018,1018,6356600775,6356600800
1019,1019,6362850775,6362850800
1020,1020,6369100775,6369100800
1021,1021,6375350775,6375350800
1022,1022,6381600775,6381600800
1023,1023,6387850775,6387850800
1024,1024,6394100775,6394100800
1025,1025,6400350775,6400350800
1026,1026,6406600775,6406600800
1027,1027,6412850775,6412850800
1028,1028,6419100775,6419100800
1029,1029,6425350775,6425350800
1030,1030,6431600775,6431600800
1031,1031,6437850775,6437850800
1032,1032,6444100775,6444100800
1033,1033,6450350775,6450350800
1034,1034,6456600775,6456600800
1035,1035,6462850775,6462850800
1036,1036,6469100775,6469100800
1037,1037,6475350775,6475350800
1038,1038,6481600775,6481600800
1039,1039,6487850775,6487850800
1040,1040,6494100775,6494100800
1041,1041,6500350775,6500350800
1042,1042,6506600775,6506600800
1043,1043,6512850775,6512850800
1044,1044,6519100775,6519100800
1045,1045,6525350775,6525350800
1046,1046,6531600775,6531600800
1047,1047,6537850775,6537850800
1048,1048,6544100775,6544100800
1049,1049,6550350775,6550350800
1050,1050,6556600775,6556600800
1051,1051,6562850775,6562850800
1052,1052,6569100775,6569100800
1053,1053,6575350775,6575350800
1054,1054,6581600775,6581600800
1055,1055,6587850775,6587850800
1056,1056,6594100775,6594100800
1057,1057,6600350775,6600350800
1058,1058,6606600775,6606600800
1059,1059,6612850775,6612850800
1060,1060,6619100775,6619100800
1061,1061,6625350775,6625350800
1062,1062,6631600775,6631600800
1063,1063,6637850775,6637850800
1064,1064,6644100775,6644100800
1065,1065,6650350775,6650350800
1066,1066,6656600775,6656600800
1067,1067,6662850775,6662850800
1068,1068,6669100775,6669100800
1069,1069,6675350775,6675350800
1070,1070,6681600775,6681600800
1071,1071,6687850775,6687850800
1072,1072,6694100775,6694100800
1073,1073,6700350775,6700350800
1074,1074,6706600775,6706600800
1075,1075,6712850775,6712850800
1076,1076,6719100775,6719100800
1077,1077,6725350775,6725350800
1078,1078,6731600775,6731600800
1079,1079,6737850775,6737850800
1080,1080,6744100775,6744100800
1081,1081,6750350775,6750350800
1082,1082,6756600775,6756600800
1083,1083,6762850775,6762850800
1084,1084,6769100775,6769100800
1085,1085,6775350775,6775350800
1086,1086,6781600775,6781600800
1087,1087,6787850775,6787850800
1088,1088,6794100775,6794100800
1089,1089,6800350775,6800350800
1090,1090,6806600775,6806600800
1091,1091,6812850775,6812850800
1092,1092,6819100775,6819100800
1093,1093,6825350775,6825350800
1094,1094,6831600775,6831600800
1095,1095,6837850775,6837850800
1096,1096,6844100775,6844100800
1097,1097,6850350775,6850350800
1098,1098,6856600775,6856600800
1099,1099,6862850775,6862850800
1100,1100,6869100775,6869100800
1101,1101,6875350775,6875350800
1102,1102,6881600775,6881600800
1103,1103,6887850775,6887850800
1104,1104,6894100775,6894100800
1105,1105,6900350775,6900350800
1106,1106,6906600775,6906600800
1107,1107,6912850775,6912850800
1108,1108,6919100775,6919100800
1109,1109,6925350775,6925350800
1110,1110,6931600775,6931600800
1111,1111,6937850775,6937850800
1112,1112,6944100775,6944100800
1113,1113,6950350775,6950350800
1114,1114,6956600775,6956600800
1115,1115,6962850775,6962850800
1116,1116,6969100775,6969100800
1117,1117,6975350775,6975350800
1118,1118,6981600775,6981600800
1119,1119,6987850775,6987850800
1120,1120,6994100775,6994100800
1121,1121,7000350775,7000350800
1122,1122,7006600775,7006600800
1123,1123,7012850775,7012850800
1124,1124,7019100775,7019100800
1125,1125,7025350775,7025350800
1126,1126,7031600775,7031600800
1127,1127,7037850775,7037850800
1128,1128,7044100775,7044100800
1129,1129,7050350775,7050350800
1130,1130,7056600775,7056600800
1131,1131,7062850775,7062850800
1132,1132,7069100775,7069100800
1133,1133,7075350775,7075350800
1134,1134,7081600775,7081600800
1135,1135,7087850775,7087850800
1136,1136,7094100775,7094100800
1137,1137,7100350775,7100350800
1138,1138,7106600775,7106600800
1139,1139,7112850775,7112850800
1140,1140,7119100775,7119100800
1141,1141,7125350775,7125350800
1142,1142,7131600775,7131600800
1143,1143,7137850775,7137850800
1144,1144,7144100775,7144100800
1145,1145,7150350775,7150350800
1146,1146,7156600775,7156600800
1147,1147,7162850775,7162850800
1148,1148,7169100775,7169100800
1149,1149,7175350775,7175350800
1150,1150,7181600775,7181600800
1151,1151,7187850775,7187850800
1152,1152,7194100775,7194100800
1153,1153,7200350775,7200350800
1154,1154,7206600775,7206600800
1155,1155,7212850775,7212850800
1156,1156,7219100775,7219100800
1157,1157,7225350775,7225350800
1158,1158,7231600775,7231600800
1159,1159,7237850775,7237850800
1160,1160,7244100775,7244100800
1161,1161,7250350775,7250350800
1162,1162,7256600775,7256600800
1163,1163,7262850775,7262850800
1164,1164,7269100775,7269100800
1165,1165,7275350775,7275350800
1166,1166,7281600775,7281600800
1167,1167,7287850775,7287850800
1168,1168,7294100775,7294100800
1169,1169,7300350775,7300350800
1170,1170,7306600775,7306600800
1171,1171,7312850775,7312850800
1172,1172,7319100775,7319100800
1173,1173,7325350775,7325350800
1174,1174,7331600775,7331600800
1175,1175,7337850775,7337850800
1176,1176,7344100775,7344100800
1177,1177,7350350775,7350350800
1178,1178,7356600775,7356600800
1179,1179,7362850775,7362850800
1180,1180,7369100775,7369100800
1181,1181,7375350775,7375350800
1182,1182,7381600775,7381600800
1183,1183,7387850775,7387850800
1184,1184,7394100775,7394100800
1185,1185,7400350775,7400350800
1186,1186,7406600775,7406600800
1187,1187,7412850775,7412850800
1188,1188,7419100775,7419100800
1189,1189,7425350775,7425350800
1190,1190,7431600775,7431600800
1191,1191,7437850775,7437850800
1192,1192,7444100775,7444100800
1193,1193,7450350775,7450350800
1194,1194,7456600775,7456600800
1195,1195,7462850775,7462850800
1196,1196,7469100775,7469100800
1197,1197,7475350775,7475350800
1198,1198,7481600775,7481600800
1199,1199,7487850775,7487850800
1200,1200,7494100775,7494100800
1201,1201,7500350775,7500350800
1202,1202,7506600775,7506600800
1203,1203,7512850775,7512850800
1204,1204,7519100775,7519100800
1205,1205,7525350775,7525350800
1206,1206,7531600775,7531600800
1207,1207,7537850775,7537850800
1208,1208,7544100775,7544100800
1209,1209,7550350775,7550350800
1210,1210,7556600775,7556600800
1211,1211,7562850775,7562850800
1212,1212,7569100775,7569100800
1213,1213,7575350775,7575350800
1214,1214,7581600775,7581600800
1215,1215,7587850775,7587850800
1216,1216,7594100775,7594100800
1217,1217,7600350775,7600350800
1218,1218,7606600775,7606600800
1219,1219,7612850775,7612850800
1220,1220,7619100775,7619100800
1221,1221,7625350775,7625350800
1222,1222,7631600775,7631600800
1223,1223,7637850775,7637850800
1224,1224,7644100775,7644100800
1225,1225,7650350775,7650350800
1226,1226,7656600775,7656600800
1227,1227,7662850775,7662850800
1228,1228,7669100775,7669100800
1229,1229,7675350775,7675350800
1230,1230,7681600775,7681600800
1231,1231,7687850775,7687850800
1232,1232,7694100775,7694100800
1233,1233,7700350775,7700350800
1234,1234,7706600775,7706600800
1235,1235,7712850775,7712850800
1236,1236,7719100775,7719100800
1237,1237,7725350775,7725350800
1238,1238,7731600775,7731600800
1239,1239,7737850775,7737850800
1240,1240,7744100775,7744100800
1241,1241,7750350775,7750350800
1242,1242,7756600775,7756600800
1243,1243,7762850775,7762850800
1244,1244,7769100775,7769100800
1245,1245,7775350775,7775350800
1246,1246,7781600775,7781600800
1247,1247,7787850775,7787850800
1248,1248,7794100775,7794100800
1249,1249,7800350775,7800350800
1250,1250,7806600775,7806600800
1251,1251,7812850775,7812850800
1252,1252,7819100775,7819100800
1253,1253,7825350775,7825350800
1254,1254,7831600775,7831600800
1255,1255,7837850775,7837850800
1256,1256,7844100775,7844100800
1257,1257,7850350775,7850350800
1258,1258,7856600775,7856600800
1259,1259,7862850775,7862850800
1260,1260,7869100775,7869100800
1261,1261,7875350775,7875350800
1262,1262,7881600775,7881600800
1263,1263,7887850775,7887850800
1264,1264,7894100775,7894100800
1265,1265,7900350775,7900350800
1266,1266,7906600775,7906600800
1267,1267,7912850775,7912850800
1268,1268,7919100775,7919100800
1269,1269,7925350775,7925350800
1270,1270,7931600775,7931600800
1271,1271,7937850775,7937850800
1272,1272,7944100775,7944100800
1273,1273,7950350775,7950350800
1274,1274,7956600775,7956600800
1275,1275,7962850775,7962850800
1276,1276,7969100775,7969100800
1277,1277,7975350775,7975350800
1278,1278,7981600775,7981600800
1279,1279,7987850775,7987850800
1280,1280,7994100775,7994100800
1281,1281,8000350775,8000350800
1282,1282,8006600775,8006600800
1283,1283,8012850775,8012850800
1284,1284,8019100775,8019100800
1285,1285,8025350775,8025350800
1286,1286,8031600775,8031600800
1287,1287,8037850775,8037850800
1288,1288,8044100775,8044100800
1289,1289,8050350775,8050350800
1290,1290,8056600775,8056600800
1291,1291,8062850775,8062850800
1292,1292,8069100775,8069100800
1293,1293,8075350775,8075350800
1294,1294,8081600775,8081600800
1295,1295,8087850775,8087850800
1296,1296,8094100775,8094100800
1297,1297,8100350775,8100350800
1298,1298,8106600775,8106600800
1299,1299,8112850775,8112850800
1300,1300,8119100775,8119100800
1301,1301,8125350775,8125350800
1302,1302,8131600775,8131600800
1303,1303,8137850775,8137850800
1304,1304,8144100775,8144100800
1305,1305,8150350775,8150350800
1306,1306,8156600775,8156600800
1307,1307,8162850775,8162850800
1308,1308,8169100775,8169100800
1309,1309,8175350775,8175350800
1310,1310,8181600775,8181600800
1311,1311,8187850775,8187850800
1312,1312,8194100775,8194100800
1313,1313,8200350775,8200350800
1314,1314,8206600775,8206600800
1315,1315,8212850775,8212850800
1316,1316,8219100775,8219100800
1317,1317,8225350775,8225350800
1318,1318,8231600775,8231600800
1319,1319,8237850775,8237850800
1320,1320,8244100775,8244100800
1321,1321,8250350775,8250350800
1322,1322,8256600775,8256600800
1323,1323,8262850775,8262850800
1324,1324,8269100775,8269100800
1325,1325,8275350775,8275350800
1326,1326,8281600775,8281600800
1327,1327,8287850775,8287850800
1328,1328,8294100775,8294100800
1329,1329,8300350775,8300350800
1330,1330,8306600775,8306600800
1331,1331,8312850775,8312850800
1332,1332,8319100775,8319100800
1333,1333,8325350775,8325350800
1334,1334,8331600775,8331600800
1335,1335,8337850775,8337850800
1336,1336,8344100775,8344100800
1337,1337,8350350775,8350350800
1338,1338,8356600775,8356600800
1339,1339,8362850775,8362850800
1340,1340,8369100775,8369100800
1341,1341,8375350775,8375350800
1342,1342,8381600775,8381600800
1343,1343,8387850775,8387850800
1344,1344,8394100775,8394100800
1345,1345,8400350775,8400350800
1346,1346,8406600775,8406600800
1347,1347,8412850775,8412850800
1348,1348,8419100775,8419100800
1349,1349,8425350775,8425350800
1350,1350,8431600775,8431600800
1351,1351,8437850775,8437850800
1352,1352,8444100775,8444100800
1353,1353,8450350775,8450350800
1354,1354,8456600775,8456600800
1355,1355,8462850775,8462850800
1356,1356,8469100775,8469100800
1357,1357,8475350775,8475350800
1358,1358,8481600775,8481600800
1359,1359,8487850775,8487850800
1360,1360,8494100775,8494100800
1361,1361,8500350775,8500350800
1362,1362,8506600775,8506600800
1363,1363,8512850775,8512850800
1364,1364,8519100775,8519100800
1365,1365,8525350775,8525350800
1366,1366,8531600775,8531600800
1367,1367,8537850775,8537850800
1368,1368,8544100775,8544100800
1369,1369,8550350775,8550350800
1370,1370,8556600775,8556600800
1371,1371,8562850775,8562850800
1372,1372,8569100775,8569100800
1373,1373,8575350775,8575350800
1374,1374,8581600775,8581600800
1375,1375,8587850775,8587850800
1376,1376,8594100775,8594100800
1377,1377,8600350775,8600350800
1378,1378,8606600775,8606600800
1379,1379,8612850775,8612850800
1380,1380,8619100775,8619100800
1381,1381,8625350775,8625350800
1382,1382,8631600775,8631600800
1383,1383,8637850775,8637850800
1384,1384,8644100775,8644100800
1385,1385,8650350775,8650350800
1386,1386,8656600775,8656600800
1387,1387,8662850775,8662850800
1388,1388,8669100775,8669100800
1389,1389,8675350775,8675350800
1390,1390,8681600775,8681600800
1391,1391,8687850775,8687850800
1392,1392,8694100775,8694100800
1393,1393,8700350775,8700350800
1394,1394,8706600775,8706600800
1395,1395,8712850775,8712850800
1396,1396,8719100775,8719100800
1397,1397,8725350775,8725350800
1398,1398,8731600775,8731600800
1399,1399,8737850775,8737850800
1400,1400,8744100775,8744100800
1401,1401,8750350775,8750350800
1402,1402,8756600775,8756600800
1403,1403,8762850775,8762850800
1404,1404,8769100775,8769100800
1405,1405,8775350775,8775350800
1406,1406,8781600775,8781600800
1407,1407,8787850775,8787850800
1408,1408,8794100775,8794100800
1409,1409,8800350775,8800350800
1410,1410,8806600775,8806600800
1411,1411,8812850775,8812850800
1412,1412,8819100775,8819100800
1413,1413,8825350775,8825350800
1414,1414,8831600775,8831600800
1415,1415,8837850775,8837850800
1416,1416,8844100775,8844100800
1417,1417,8850350775,8850350800
1418,1418,8856600775,8856600800
1419,1419,8862850775,8862850800
1420,1420,8869100775,8869100800
1421,1421,8875350775,8875350800
1422,1422,8881600775,8881600800
1423,1423,8887850775,8887850800
1424,1424,8894100775,8894100800
1425,1425,8900350775,8900350800
1426,1426,8906600775,8906600800
1427,1427,8912850775,8912850800
1428,1428,8919100775,8919100800
1429,1429,8925350775,8925350800
1430,1430,8931600775,8931600800
1431,1431,8937850775,8937850800
1432,1432,8944100775,8944100800
1433,1433,8950350775,8950350800
1434,1434,8956600775,8956600800
1435,1435,8962850775,8962850800
1436,1436,8969100775,8969100800
1437,1437,8975350775,8975350800
1438,1438,8981600775,8981600800
1439,1439,8987850775,8987850800
1440,1440,8994100775,8994100800
1441,1441,9000350775,9000350800
1442,1442,9006600775,9006600800
1443,1443,9012850775,9012850800
1444,1444,9019100775,9019100800
1445,1445,9025350775,9025350800
1446,1446,9031600775,9031600800
1447,1447,9037850775,9037850800
1448,1448,9044100775,9044100800
1449,1449,9050350775,9050350800
1450,1450,9056600775,9056600800
1451,1451,9062850775,9062850800
1452,1452,9069100775,9069100800
1453,1453,9075350775,9075350800
1454,1454,9081600775,9081600800
1455,1455,9087850775,9087850800
1456,1456,9094100775,9094100800
1457,1457,9100350775,9100350800
1458,1458,9106600775,9106600800
1459,1459,9112850775,9112850800
1460,1460,9119100775,9119100800
1461,1461,9125350775,9125350800
1462,1462,9131600775,9131600800
1463,1463,9137850775,9137850800
1464,1464,9144100775,9144100800
1465,1465,9150350775,9150350800
1466,1466,9156600775,9156600800
1467,1467,9162850775,9162850800
1468,1468,9169100775,9169100800
1469,1469,9175350775,9175350800
1470,1470,9181600775,9181600800
1471,1471,9187850775,9187850800
1472,1472,9194100775,9194100800
1473,1473,9200350775,9200350800
1474,1474,9206600775,9206600800
1475,1475,9212850775,9212850800
1476,1476,9219100775,9219100800
1477,1477,9225350775,9225350800
1478,1478,9231600775,9231600800
1479,1479,9237850775,9237850800
1480,1480,9244100775,9244100800
1481,1481,9250350775,9250350800
1482,1482,9256600775,9256600800
1483,1483,9262850775,9262850800
1484,1484,9269100775,9269100800
1485,1485,9275350775,9275350800
1486,1486,9281600775,9281600800
1487,1487,9287850775,9287850800
1488,1488,9294100775,9294100800
1489,1489,9300350775,9300350800
1490,1490,9306600775,9306600800
1491,1491,9312850775,9312850800
1492,1492,9319100775,9319100800
1493,1493,9325350775,9325350800
1494,1494,9331600775,9331600800
1495,1495,9337850775,9337850800
1496,1496,9344100775,9344100800
1497,1497,9350350775,9350350800
1498,1498,9356600775,9356600800
1499,1499,9362850775,9362850800
1500,1500,9369100775,9369100800
1501,1501,9375350775,9375350800
1502,1502,9381600775,9381600800
1503,1503,9387850775,9387850800
1504,1504,9394100775,9394100800
1505,1505,9400350775,9400350800
1506,1506,9406600775,9406600800
1507,1507,9412850775,9412850800
1508,1508,9419100775,9419100800
1509,1509,9425350775,9425350800
1510,1510,9431600775,9431600800
1511,1511,9437850775,9437850800
1512,1512,9444100775,9444100800
1513,1513,9450350775,9450350800
1514,1514,9456600775,9456600800
1515,1515,9462850775,9462850800
1516,1516,9469100775,9469100800
1517,1517,9475350775,9475350800
1518,1518,9481600775,9481600800
1519,1519,9487850775,9487850800
1520,1520,9494100775,9494100800
1521,1521,9500350775,9500350800
1522,1522,9506600775,9506600800
1523,1523,9512850775,9512850800
1524,1524,9519100775,9519100800
1525,1525,9525350775,9525350800
1526,1526,9531600775,9531600800
1527,1527,9537850775,9537850800
1528,1528,9544100775,9544100800
1529,1529,9550350775,9550350800
1530,1530,9556600775,9556600800
1531,1531,9562850775,9562850800
1532,1532,9569100775,9569100800
1533,1533,9575350775,9575350800
1534,1534,9581600775,9581600800
1535,1535,9587850775,9587850800
1536,1536,9594100775,9594100800
1537,1537,9600350775,9600350800
1538,1538,9606600775,9606600800
1539,1539,9612850775,9612850800
1540,1540,9619100775,9619100800
1541,1541,9625350775,9625350800
1542,1542,9631600775,9631600800
1543,1543,9637850775,9637850800
1544,1544,9644100775,9644100800
1545,1545,9650350775,9650350800
1546,1546,9656600775,9656600800
1547,1547,9662850775,9662850800
1548,1548,9669100775,9669100800
1549,1549,9675350775,9675350800
1550,1550,9681600775,9681600800
1551,1551,9687850775,9687850800
1552,1552,9694100775,9694100800
1553,1553,9700350775,9700350800
1554,1554,9706600775,9706600800
1555,1555,9712850775,9712850800
1556,1556,9719100775,9719100800
1557,1557,9725350775,9725350800
1558,1558,9731600775,9731600800
1559,1559,9737850775,9737850800
1560,1560,9744100775,9744100800
1561,1561,9750350775,9750350800
1562,1562,9756600775,9756600800
1563,1563,9762850775,9762850800
1564,1564,9769100775,9769100800
1565,1565,9775350775,9775350800
1566,1566,9781600775,9781600800
1567,1567,9787850775,9787850800
1568,1568,9794100775,9794100800
1569,1569,9800350775,9800350800
1570,1570,9806600775,9806600800
1571,1571,9812850775,9812850800
1572,1572,9819100775,9819100800
1573,1573,9825350775,9825350800
1574,1574,9831600775,9831600800
1575,1575,9837850775,9837850800
1576,1576,9844100775,9844100800
1577,1577,9850350775,9850350800
1578,1578,9856600775,9856600800
1579,1579,9862850775,9862850800
1580,1580,9869100775,9869100800
1581,1581,9875350775,9875350800
1582,1582,9881600775,9881600800
1583,1583,9887850775,9887850800
1584,1584,9894100775,9894100800
1585,1585,9900350775,9900350800
1586,1586,9906600775,9906600800
1587,1587,9912850775,9912850800
1588,1588,9919100775,9919100800
1589,1589,9925350775,9925350800
1590,1590,9931600775,9931600800
1591,1591,9937850775,9937850800
1592,1592,9944100775,9944100800
1593,1593,9950350775,9950350800
1594,1594,9956600775,9956600800
1595,1595,9962850775,9962850800
1596,1596,9969100775,9969100800
1597,1597,9975350775,9975350800
1598,1598,9981600775,9981600800
1599,1599,9987850775,9987850800
1600,1600,9994100775,9994100800
1601,1601,10000350775,10000350800
1602,1602,10006600775,10006600800
1603,1603,10012850775,10012850800
1604,1604,10019100775,10019100800
1605,1605,10025350775,10025350800
1606,1606,10031600775,10031600800
1607,1607,10037850775,10037850800
1608,1608,10044100775,10044100800
1609,1609,10050350775,10050350800
1610,1610,10056600775,10056600800
1611,1611,10062850775,10062850800
1612,1612,10069100775,10069100800
1613,1613,10075350775,10075350800
1614,1614,10081600775,10081600800
1615,1615,10087850775,10087850800
1616,1616,10094100775,10094100800
1617,1617,10100350775,10100350800
1618,1618,10106600775,10106600800
1619,1619,10112850775,10112850800
1620,1620,10119100775,10119100800
1621,1621,10125350775,10125350800
1622,1622,10131600775,10131600800
1623,1623,10137850775,10137850800
1624,1624,10144100775,10144100800
1625,1625,10150350775,10150350800
1626,1626,10156600775,10156600800
1627,1627,10162850775,10162850800
1628,1628,10169100775,10169100800
1629,1629,10175350775,10175350800
1630,1630,10181600775,10181600800
1631,1631,10187850775,10187850800
1632,1632,10194100775,10194100800
1633,1633,10200350775,10200350800
1634,1634,10206600775,10206600800
1635,1635,10212850775,10212850800
1636,1636,10219100775,10219100800
1637,1637,10225350775,10225350800
1638,1638,10231600775,10231600800
1639,1639,10237850775,10237850800
1640,1640,10244100775,10244100800
1641,1641,10250350775,10250350800
1642,1642,10256600775,10256600800
1643,1643,10262850775,10262850800
1644,1644,10269100775,10269100800
1645,1645,10275350775,10275350800
1646,1646,10281600775,10281600800
1647,1647,10287850775,10287850800
1648,1648,10294100775,10294100800
1649,1649,10300350775,10300350800
1650,1650,10306600775,10306600800
1651,1651,10312850775,10312850800
1652,1652,10319100775,10319100800
1653,1653,10325350775,10325350800
1654,1654,10331600775,10331600800
1655,1655,10337850775,10337850800
1656,1656,10344100775,10344100800
1657,1657,10350350775,10350350800
1658,1658,10356600775,10356600800
1659,1659,10362850775,10362850800
1660,1660,10369100775,10369100800
1661,1661,10375350775,10375350800
1662,1662,10381600775,10381600800
1663,1663,10387850775,10387850800
1664,1664,10394100775,10394100800
1665,1665,10400350775,10400350800
1666,1666,10406600775,10406600800
1667,1667,10412850775,10412850800
1668,1668,10419100775,10419100800
1669,1669,10425350775,10425350800
1670,1670,10431600775,10431600800
1671,1671,10437850775,10437850800
1672,1672,10444100775,10444100800
1673,1673,10450350775,10450350800
1674,1674,10456600775,10456600800
1675,1675,10462850775,10462850800
1676,1676,10469100775,10469100800
1677,1677,10475350775,10475350800
1678,1678,10481600775,10481600800
1679,1679,10487850775,10487850800
1680,1680,10494100775,10494100800
1681,1681,10500350775,10500350800
1682,1682,10506600775,10506600800
1683,1683,10512850775,10512850800
1684,1684,10519100775,10519100800
1685,1685,10525350775,10525350800
1686,1686,10531600775,10531600800
1687,1687,10537850775,10537850800
1688,1688,10544100775,10544100800
1689,1689,10550350775,10550350800
1690,1690,10556600775,10556600800
1691,1691,10562850775,10562850800
1692,1692,10569100775,10569100800
1693,1693,10575350775,10575350800
1694,1694,10581600775,10581600800
1695,1695,10587850775,10587850800
1696,1696,10594100775,10594100800
1697,1697,10600350775,10600350800
1698,1698,10606600775,10606600800
1699,1699,10612850775,10612850800
1700,1700,10619100775,10619100800
1701,1701,10625350775,10625350800
1702,1702,10631600775,10631600800
1703,1703,10637850775,10637850800
1704,1704,10644100775,10644100800
1705,1705,10650350775,10650350800
1706,1706,10656600775,10656600800
1707,1707,10662850775,10662850800
1708,1708,10669100775,10669100800
1709,1709,10675350775,10675350800
1710,1710,10681600775,10681600800
1711,1711,10687850775,10687850800
1712,1712,10694100775,10694100800
1713,1713,10700350775,10700350800
1714,1714,10706600775,10706600800
1715,1715,10712850775,10712850800
1716,1716,10719100775,10719100800
1717,1717,10725350775,10725350800
1718,1718,10731600775,10731600800
1719,1719,10737850775,10737850800
1720,1720,10744100775,10744100800
1721,1721,10750350775,10750350800
1722,1722,10756600775,10756600800
1723,1723,10762850775,10762850800
1724,1724,10769100775,10769100800
1725,1725,10775350775,10775350800
1726,1726,10781600775,10781600800
1727,1727,10787850775,10787850800
1728,1728,10794100775,10794100800
1729,1729,10800350775,10800350800
1730,1730,10806600775,10806600800
1731,1731,10812850775,10812850800
1732,1732,10819100775,10819100800
1733,1733,10825350775,10825350800
1734,1734,10831600775,10831600800
1735,1735,10837850775,10837850800
1736,1736,10844100775,10844100800
1737,1737,10850350775,10850350800
1738,1738,10856600775,10856600800
1739,1739,10862850775,10862850800
1740,1740,10869100775,10869100800
1741,1741,10875350775,10875350800
1742,1742,10881600775,10881600800
1743,1743,10887850775,10887850800
1744,1744,10894100775,10894100800
1745,1745,10900350775,10900350800
1746,1746,10906600775,10906600800
1747,1747,10912850775,10912850800
1748,1748,10919100775,10919100800
1749,1749,10925350775,10925350800
1750,1750,10931600775,10931600800
1751,1751,10937850775,10937850800
1752,1752,10944100775,10944100800
1753,1753,10950350775,10950350800
1754,1754,10956600775,10956600800
1755,1755,10962850775,10962850800
1756,1756,10969100775,10969100800
1757,1757,10975350775,10975350800
1758,1758,10981600775,10981600800
1759,1759,10987850775,10987850800
1760,1760,10994100775,10994100800
1761,1761,11000350775,11000350800
1762,1762,11006600775,11006600800
1763,1763,11012850775,11012850800
1764,1764,11019100775,11019100800
1765,1765,11025350775,11025350800
1766,1766,11031600775,11031600800
1767,1767,11037850775,11037850800
1768,1768,11044100775,11044100800
1769,1769,11050350775,11050350800
1770,1770,11056600775,11056600800
1771,1771,11062850775,11062850800
1772,1772,11069100775,11069100800
1773,1773,11075350775,11075350800
1774,1774,11081600775,11081600800
1775,1775,11087850775,11087850800
1776,1776,11094100775,11094100800
1777,1777,11100350775,11100350800
1778,1778,11106600775,11106600800
1779,1779,11112850775,11112850800
1780,1780,11119100775,11119100800
1781,1781,11125350775,11125350800
1782,1782,11131600775,11131600800
1783,1783,11137850775,11137850800
1784,1784,11144100775,11144100800
1785,1785,11150350775,11150350800
1786,1786,11156600775,11156600800
1787,1787,11162850775,11162850800
1788,1788,11169100775,11169100800
1789,1789,11175350775,11175350800
1790,1790,11181600775,11181600800
1791,1791,11187850775,11187850800
1792,1792,11194100775,11194100800
1793,1793,11200350775,11200350800
1794,1794,11206600775,11206600800
1795,1795,11212850775,11212850800
1796,1796,11219100775,11219100800
1797,1797,11225350775,11225350800
1798,1798,11231600775,11231600800
1799,1799,11237850775,11237850800
1800,1800,11244100775,11244100800
1801,1801,11250350775,11250350800
1802,1802,11256600775,11256600800
1803,1803,11262850775,11262850800
1804,1804,11269100775,11269100800
1805,1805,11275350775,11275350800
1806,1806,11281600775,11281600800
1807,1807,11287850775,11287850800
1808,1808,11294100775,11294100800
1809,1809,11300350775,11300350800
1810,1810,11306600775,11306600800
1811,1811,11312850775,11312850800
1812,1812,11319100775,11319100800
1813,1813,11325350775,11325350800
1814,1814,11331600775,11331600800
1815,1815,11337850775,11337850800
1816,1816,11344100775,11344100800
1817,1817,11350350775,11350350800
1818,1818,11356600775,11356600800
1819,1819,11362850775,11362850800
1820,1820,11369100775,11369100800
1821,1821,11375350775,11375350800
1822,1822,11381600775,11381600800
1823,1823,11387850775,11387850800
1824,1824,11394100775,11394100800
1825,1825,11400350775,11400350800
1826,1826,11406600775,11406600800
1827,1827,11412850775,11412850800
1828,1828,11419100775,11419100800
1829,1829,11425350775,11425350800
1830,1830,11431600775,11431600800
1831,1831,11437850775,11437850800
1832,1832,11444100775,11444100800
1833,1833,11450350775,11450350800
1834,1834,11456600775,11456600800
1835,1835,11462850775,11462850800
1836,1836,11469100775,11469100800
1837,1837,11475350775,11475350800
1838,1838,11481600775,11481600800
1839,1839,11487850775,11487850800
1840,1840,11494100775,11494100800
1841,1841,11500350775,11500350800
1842,1842,11506600775,11506600800
1843,1843,11512850775,11512850800
1844,1844,11519100775,11519100800
1845,1845,11525350775,11525350800
1846,1846,11531600775,11531600800
1847,1847,11537850775,11537850800
1848,1848,11544100775,11544100800
1849,1849,11550350775,11550350800
1850,1850,11556600775,11556600800
1851,1851,11562850775,11562850800
1852,1852,11569100775,11569100800
1853,1853,11575350775,11575350800
1854,1854,11581600775,11581600800
1855,1855,11587850775,11587850800
1856,1856,11594100775,11594100800
1857,1857,11600350775,11600350800
1858,1858,11606600775,11606600800
1859,1859,11612850775,11612850800
1860,1860,11619100775,11619100800
1861,1861,11625350775,11625350800
1862,1862,11631600775,11631600800
1863,1863,11637850775,11637850800
1864,1864,11644100775,11644100800
1865,1865,11650350775,11650350800
1866,1866,11656600775,11656600800
1867,1867,11662850775,11662850800
1868,1868,11669100775,11669100800
1869,1869,11675350775,11675350800
1870,1870,11681600775,11681600800
1871,1871,11687850775,11687850800
1872,1872,11694100775,11694100800
1873,1873,11700350775,11700350800
1874,1874,11706600775,11706600800
1875,1875,11712850775,11712850800
1876,1876,11719100775,11719100800
1877,1877,11725350775,11725350800
1878,1878,11731600775,11731600800
1879,1879,11737850775,11737850800
1880,1880,11744100775,11744100800
1881,1881,11750350775,11750350800
1882,1882,11756600775,11756600800
1883,1883,11762850775,11762850800
1884,1884,11769100775,11769100800
1885,1885,11775350775,11775350800
1886,1886,11781600775,11781600800
1887,1887,11787850775,11787850800
1888,1888,11794100775,11794100800
1889,1889,11800350775,11800350800
1890,1890,11806600775,11806600800
1891,1891,11812850775,11812850800
1892,1892,11819100775,11819100800
1893,1893,11825350775,11825350800
1894,1894,11831600775,11831600800
1895,1895,11837850775,11837850800
1896,1896,11844100775,11844100800
1897,1897,11850350775,11850350800
1898,1898,11856600775,11856600800
1899,1899,11862850775,11862850800
1900,1900,11869100775,11869100800
1901,1901,11875350775,11875350800
1902,1902,11881600775,11881600800
1903,1903,11887850775,11887850800
1904,1904,11894100775,11894100800
1905,1905,11900350775,11900350800
1906,1906,11906600775,11906600800
1907,1907,11912850775,11912850800
1908,1908,11919100775,11919100800
1909,1909,11925350775,11925350800
1910,1910,11931600775,11931600800
1911,1911,11937850775,11937850800
1912,1912,11944100775,11944100800
1913,1913,11950350775,11950350800
1914,1914,11956600775,11956600800
1915,1915,11962850775,11962850800
1916,1916,11969100775,11969100800
1917,1917,11975350775,11975350800
1918,1918,11981600775,11981600800
1919,1919,11987850775,11987850800
1920,1920,11994100775,11994100800
1921,1921,12000350775,12000350800
1922,1922,12006600775,12006600800
1923,1923,12012850775,12012850800
1924,1924,12019100775,12019100800
1925,1925,12025350775,12025350800
1926,1926,12031600775,12031600800
1927,1927,12037850775,12037850800
1928,1928,12044100775,12044100800
1929,1929,12050350775,12050350800
1930,1930,12056600775,12056600800
1931,1931,12062850775,12062850800
1932,1932,12069100775,12069100800
1933,1933,12075350775,12075350800
1934,1934,12081600775,12081600800
1935,1935,12087850775,12087850800
1936,1936,12094100775,12094100800
1937,1937,12100350775,12100350800
1938,1938,12106600775,12106600800
1939,1939,12112850775,12112850800
1940,1940,12119100775,12119100800
1941,1941,12125350775,12125350800
1942,1942,12131600775,12131600800
1943,1943,12137850775,12137850800
1944,1944,12144100775,12144100800
1945,1945,12150350775,12150350800
1946,1946,12156600775,12156600800
1947,1947,12162850775,12162850800
1948,1948,12169100775,12169100800
1949,1949,12175350775,12175350800
1950,1950,12181600775,12181600800
1951,1951,12187850775,12187850800
1952,1952,12194100775,12194100800
1953,1953,12200350775,12200350800
1954,1954,12206600775,12206600800
1955,1955,12212850775,12212850800
1956,1956,12219100775,12219100800
1957,1957,12225350775,12225350800
1958,1958,12231600775,12231600800
1959,1959,12237850775,12237850800
1960,1960,12244100775,12244100800
1961,1961,12250350775,12250350800
1962,1962,12256600775,12256600800
1963,1963,12262850775,12262850800
1964,1964,12269100775,12269100800
1965,1965,12275350775,12275350800
1966,1966,12281600775,12281600800
1967,1967,12287850775,12287850800
1968,1968,12294100775,12294100800
1969,1969,12300350775,12300350800
1970,1970,12306600775,12306600800
1971,1971,12312850775,12312850800
1972,1972,12319100775,12319100800
1973,1973,12325350775,12325350800
1974,1974,12331600775,12331600800
1975,1975,12337850775,12337850800
1976,1976,12344100775,12344100800
1977,1977,12350350775,12350350800
1978,1978,12356600775,12356600800
1979,1979,12362850775,12362850800
1980,1980,12369100775,12369100800
1981,1981,12375350775,12375350800
1982,1982,12381600775,12381600800
1983,1983,12387850775,12387850800
1984,1984,12394100775,12394100800
1985,1985,12400350775,12400350800
1986,1986,12406600775,12406600800
1987,1987,12412850775,12412850800
1988,1988,12419100775,12419100800
1989,1989,12425350775,12425350800
1990,1990,12431600775,12431600800
1991,1991,12437850775,12437850800
1992,1992,12444100775,12444100800
1993,1993,12450350775,12450350800
1994,1994,12456600775,12456600800
1995,1995,12462850775,12462850800
1996,1996,12469100775,12469100800
1997,1997,12475350775,12475350800
1998,1998,12481600775,12481600800
1999,1999,12487850775,12487850800
2000,2000,12494100775,12494100800
2001,2001,12500350775,12500350800
2002,2002,12506600775,12506600800
2003,2003,12512850775,12512850800
2004,2004,12519100775,12519100800
2005,2005,12525350775,12525350800
2006,2006,12531600775,12531600800
2007,2007,12537850775,12537850800
2008,2008,12544100775,12544100800
2009,2009,12550350775,12550350800
2010,2010,12556600775,12556600800
2011,2011,12562850775,12562850800
2012,2012,12569100775,12569100800
2013,2013,12575350775,12575350800
2014,2014,12581600775,12581600800
2015,2015,12587850775,12587850800
2016,2016,12594100775,12594100800
2017,2017,12600350775,12600350800
2018,2018,12606600775,12606600800
2019,2019,12612850775,12612850800
2020,2020,12619100775,12619100800
2021,2021,12625350775,12625350800
2022,2022,12631600775,12631600800
2023,2023,12637850775,12637850800
2024,2024,12644100775,12644100800
2025,2025,12650350775,12650350800
2026,2026,12656600775,12656600800
2027,2027,12662850775,12662850800
2028,2028,12669100775,12669100800
2029,2029,12675350775,12675350800
2030,2030,12681600775,12681600800
2031,2031,12687850775,12687850800
2032,2032,12694100775,12694100800
2033,2033,12700350775,12700350800
2034,2034,12706600775,12706600800
2035,2035,12712850775,12712850800
2036,2036,12719100775,12719100800
2037,2037,12725350775,12725350800
2038,2038,12731600775,12731600800
2039,2039,12737850775,12737850800
2040,2040,12744100775,12744100800
2041,2041,12750350775,12750350800
2042,2042,12756600775,12756600800
2043,2043,12762850775,12762850800
2044,2044,12769100775,12769100800
2045,2045,12775350775,12775350800
2046,2046,12781600775,12781600800
2047,2047,12787850775,12787850800
2048,2048,12794100775,12794100800
2049,2049,12800350775,12800350800
2050,2050,12806600775,12806600800
2051,2051,12812850775,12812850800
2052,2052,12819100775,12819100800
2053,2053,12825350775,12825350800
2054,2054,12831600775,12831600800
2055,2055,12837850775,12837850800
2056,2056,12844100775,12844100800
2057,2057,12850350775,12850350800
2058,2058,12856600775,12856600800
2059,2059,12862850775,12862850800
2060,2060,12869100775,12869100800
2061,2061,12875350775,12875350800
2062,2062,12881600775,12881600800
2063,2063,12887850775,12887850800
2064,2064,12894100775,12894100800
2065,2065,12900350775,12900350800
2066,2066,12906600775,12906600800
2067,2067,12912850775,12912850800
2068,2068,12919100775,12919100800
2069,2069,12925350775,12925350800
2070,2070,12931600775,12931600800
2071,2071,12937850775,12937850800
2072,2072,12944100775,12944100800
2073,2073,12950350775,12950350800
2074,2074,12956600775,12956600800
2075,2075,12962850775,12962850800
2076,2076,12969100775,12969100800
2077,2077,12975350775,12975350800
2078,2078,12981600775,12981600800
2079,2079,12987850775,12987850800
2080,2080,12994100775,12994100800
2081,2081,13000350775,13000350800
2082,2082,13006600775,13006600800
2083,2083,13012850775,13012850800
2084,2084,13019100775,13019100800
2085,2085,13025350775,13025350800
2086,2086,13031600775,13031600800
2087,2087,13037850775,13037850800
2088,2088,13044100775,13044100800
2089,2089,13050350775,13050350800
2090,2090,13056600775,13056600800
2091,2091,13062850775,13062850800
2092,2092,13069100775,13069100800
2093,2093,13075350775,13075350800
2094,2094,13081600775,13081600800
2095,2095,13087850775,13087850800
2096,2096,13094100775,13094100800
2097,2097,13100350775,13100350800
2098,2098,13106600775,13106600800
2099,2099,13112850775,13112850800
2100,2100,13119100775,13119100800
2101,2101,13125350775,13125350800
2102,2102,13131600775,13131600800
2103,2103,13137850775,13137850800
2104,2104,13144100775,13144100800
2105,2105,13150350775,13150350800
2106,2106,13156600775,13156600800
2107,2107,13162850775,13162850800
2108,2108,13169100775,13169100800
2109,2109,13175350775,13175350800
2110,2110,13181600775,13181600800
2111,2111,13187850775,13187850800
2112,2112,13194100775,13194100800
2113,2113,13200350775,13200350800
2114,2114,13206600775,13206600800
2115,2115,13212850775,13212850800
2116,2116,13219100775,13219100800
2117,2117,13225350775,13225350800
2118,2118,13231600775,13231600800
2119,2119,13237850775,13237850800
2120,2120,13244100775,13244100800
2121,2121,13250350775,13250350800
2122,2122,13256600775,13256600800
2123,2123,13262850775,13262850800
2124,2124,13269100775,13269100800
2125,2125,13275350775,13275350800
2126,2126,13281600775,13281600800
2127,2127,13287850775,13287850800
2128,2128,13294100775,13294100800
2129,2129,13300350775,13300350800
2130,2130,13306600775,13306600800
2131,2131,13312850775,13312850800
2132,2132,13319100775,13319100800
2133,2133,13325350775,13325350800
2134,2134,13331600775,13331600800
2135,2135,13337850775,13337850800
2136,2136,13344100775,13344100800
2137,2137,13350350775,13350350800
2138,2138,13356600775,13356600800
2139,2139,13362850775,13362850800
2140,2140,13369100775,13369100800
2141,2141,13375350775,13375350800
2142,2142,13381600775,13381600800
2143,2143,13387850775,13387850800
2144,2144,13394100775,13394100800
2145,2145,13400350775,13400350800
2146,2146,13406600775,13406600800
2147,2147,13412850775,13412850800
2148,2148,13419100775,13419100800
2149,2149,13425350775,13425350800
2150,2150,13431600775,13431600800
2151,2151,13437850775,13437850800
2152,2152,13444100775,13444100800
2153,2153,13450350775,13450350800
2154,2154,13456600775,13456600800
2155,2155,13462850775,13462850800
2156,2156,13469100775,13469100800
2157,2157,13475350775,13475350800
2158,2158,13481600775,13481600800
2159,2159,13487850775,13487850800
2160,2160,13494100775,13494100800
2161,2161,13500350775,13500350800
2162,2162,13506600775,13506600800
2163,2163,13512850775,13512850800
2164,2164,13519100775,13519100800
2165,2165,13525350775,13525350800
2166,2166,13531600775,13531600800
2167,2167,13537850775,13537850800
2168,2168,13544100775,13544100800
2169,2169,13550350775,13550350800
2170,2170,13556600775,13556600800
2171,2171,13562850775,13562850800
2172,2172,13569100775,13569100800
2173,2173,13575350775,13575350800
2174,2174,13581600775,13581600800
2175,2175,13587850775,13587850800
2176,2176,13594100775,13594100800
2177,2177,13600350775,13600350800
2178,2178,13606600775,13606600800
2179,2179,13612850775,13612850800
2180,2180,13619100775,13619100800
2181,2181,13625350775,13625350800
2182,2182,13631600775,13631600800
2183,2183,13637850775,13637850800
2184,2184,13644100775,13644100800
2185,2185,13650350775,13650350800
2186,2186,13656600775,13656600800
2187,2187,13662850775,13662850800
2188,2188,13669100775,13669100800
2189,2189,13675350775,13675350800
2190,2190,13681600775,13681600800
2191,2191,13687850775,13687850800
2192,2192,13694100775,13694100800
2193,2193,13700350775,13700350800
2194,2194,13706600775,13706600800
2195,2195,13712850775,13712850800
2196,2196,13719100775,13719100800
2197,2197,13725350775,13725350800
2198,2198,13731600775,13731600800
2199,2199,13737850775,13737850800
2200,2200,13744100775,13744100800
2201,2201,13750350775,13750350800
2202,2202,13756600775,13756600800
2203,2203,13762850775,13762850800
2204,2204,13769100775,13769100800
2205,2205,13775350775,13775350800
2206,2206,13781600775,13781600800
2207,2207,13787850775,13787850800
2208,2208,13794100775,13794100800
2209,2209,13800350775,13800350800
2210,2210,13806600775,13806600800
2211,2211,13812850775,13812850800
2212,2212,13819100775,13819100800
2213,2213,13825350775,13825350800
2214,2214,13831600775,13831600800
2215,2215,13837850775,13837850800
2216,2216,13844100775,13844100800
2217,2217,13850350775,13850350800
2218,2218,13856600775,13856600800
2219,2219,13862850775,13862850800
2220,2220,13869100775,13869100800
2221,2221,13875350775,13875350800
2222,2222,13881600775,13881600800
2223,2223,13887850775,13887850800
2224,2224,13894100775,13894100800
2225,2225,13900350775,13900350800
2226,2226,13906600775,13906600800
2227,2227,13912850775,13912850800
2228,2228,13919100775,13919100800
2229,2229,13925350775,13925350800
2230,2230,13931600775,13931600800
2231,2231,13937850775,13937850800
2232,2232,13944100775,13944100800
2233,2233,13950350775,13950350800
2234,2234,13956600775,13956600800
2235,2235,13962850775,13962850800
2236,2236,13969100775,13969100800
2237,2237,13975350775,13975350800
2238,2238,13981600775,13981600800
2239,2239,13987850775,13987850800
2240,2240,13994100775,13994100800
2241,2241,14000350775,14000350800
2242,2242,14006600775,14006600800
2243,2243,14012850775,14012850800
2244,2244,14019100775,14019100800
2245,2245,14025350775,14025350800
2246,2246,14031600775,14031600800
2247,2247,14037850775,14037850800
2248,2248,14044100775,14044100800
2249,2249,14050350775,14050350800
2250,2250,14056600775,14056600800
2251,2251,14062850775,14062850800
2252,2252,14069100775,14069100800
2253,2253,14075350775,14075350800
2254,2254,14081600775,14081600800
2255,2255,14087850775,14087850800
2256,2256,14094100775,14094100800
2257,2257,14100350775,14100350800
2258,2258,14106600775,14106600800
2259,2259,14112850775,14112850800
2260,2260,14119100775,14119100800
2261,2261,14125350775,14125350800
2262,2262,14131600775,14131600800
2263,2263,14137850775,14137850800
2264,2264,14144100775,14144100800
2265,2265,14150350775,14150350800
2266,2266,14156600775,14156600800
2267,2267,14162850775,14162850800
2268,2268,14169100775,14169100800
2269,2269,14175350775,14175350800
2270,2270,14181600775,14181600800
2271,2271,14187850775,14187850800
2272,2272,14194100775,14194100800
2273,2273,14200350775,14200350800
2274,2274,14206600775,14206600800
2275,2275,14212850775,14212850800
2276,2276,14219100775,14219100800
2277,2277,14225350775,14225350800
2278,2278,14231600775,14231600800
2279,2279,14237850775,14237850800
2280,2280,14244100775,14244100800
2281,2281,14250350775,14250350800
2282,2282,14256600775,14256600800
2283,2283,14262850775,14262850800
2284,2284,14269100775,14269100800
2285,2285,14275350775,14275350800
2286,2286,14281600775,14281600800
2287,2287,14287850775,14287850800
2288,2288,14294100775,14294100800
2289,2289,14300350775,14300350800
2290,2290,14306600775,14306600800
2291,2291,14312850775,14312850800
2292,2292,14319100775,14319100800
2293,2293,14325350775,14325350800
2294,2294,14331600775,14331600800
2295,2295,14337850775,14337850800
2296,2296,14344100775,14344100800
2297,2297,14350350775,14350350800
2298,2298,14356600775,14356600800
2299,2299,14362850775,14362850800
2300,2300,14369100775,14369100800
2301,2301,14375350775,14375350800
2302,2302,14381600775,14381600800
2303,2303,14387850775,14387850800
2304,2304,14394100775,14394100800
2305,2305,14400350775,14400350800
2306,2306,14406600775,14406600800
2307,2307,14412850775,14412850800
2308,2308,14419100775,14419100800
2309,2309,14425350775,14425350800
2310,2310,14431600775,14431600800
2311,2311,14437850775,14437850800
2312,2312,14444100775,14444100800
2313,2313,14450350775,14450350800
2314,2314,14456600775,14456600800
2315,2315,14462850775,14462850800
2316,2316,14469100775,14469100800
2317,2317,14475350775,14475350800
2318,2318,14481600775,14481600800
2319,2319,14487850775,14487850800
2320,2320,14494100775,14494100800
2321,2321,14500350775,14500350800
2322,2322,14506600775,14506600800
2323,2323,14512850775,14512850800
2324,2324,14519100775,14519100800
2325,2325,14525350775,14525350800
2326,2326,14531600775,14531600800
2327,2327,14537850775,14537850800
2328,2328,14544100775,14544100800
2329,2329,14550350775,14550350800
2330,2330,14556600775,14556600800
2331,2331,14562850775,14562850800
2332,2332,14569100775,14569100800
2333,2333,14575350775,14575350800
2334,2334,14581600775,14581600800
2335,2335,14587850775,14587850800
2336,2336,14594100775,14594100800
2337,2337,14600350775,14600350800
2338,2338,14606600775,14606600800
2339,2339,14612850775,14612850800
2340,2340,14619100775,14619100800
2341,2341,14625350775,14625350800
2342,2342,14631600775,14631600800
2343,2343,14637850775,14637850800
2344,2344,14644100775,14644100800
2345,2345,14650350775,14650350800
2346,2346,14656600775,14656600800
2347,2347,14662850775,14662850800
2348,2348,14669100775,14669100800
2349,2349,14675350775,14675350800
2350,2350,14681600775,14681600800
2351,2351,14687850775,14687850800
2352,2352,14694100775,14694100800
2353,2353,14700350775,14700350800
2354,2354,14706600775,14706600800
2355,2355,14712850775,14712850800
2356,2356,14719100775,14719100800
2357,2357,14725350775,14725350800
2358,2358,14731600775,14731600800
2359,2359,14737850775,14737850800
2360,2360,14744100775,14744100800
2361,2361,14750350775,14750350800
2362,2362,14756600775,14756600800
2363,2363,14762850775,14762850800
2364,2364,14769100775,14769100800
2365,2365,14775350775,14775350800
2366,2366,14781600775,14781600800
2367,2367,14787850775,14787850800
2368,2368,14794100775,14794100800
2369,2369,14800350775,14800350800
2370,2370,14806600775,14806600800
2371,2371,14812850775,14812850800
2372,2372,14819100775,14819100800
2373,2373,14825350775,14825350800
2374,2374,14831600775,14831600800
2375,2375,14837850775,14837850800
2376,2376,14844100775,14844100800
2377,2377,14850350775,14850350800
2378,2378,14856600775,14856600800
2379,2379,14862850775,14862850800
2380,2380,14869100775,14869100800
2381,2381,14875350775,14875350800
2382,2382,14881600775,14881600800
2383,2383,14887850775,14887850800
2384,2384,14894100775,14894100800
2385,2385,14900350775,14900350800
2386,2386,14906600775,14906600800
2387,2387,14912850775,14912850800
2388,2388,14919100775,14919100800
2389,2389,14925350775,14925350800
2390,2390,14931600775,14931600800
2391,2391,14937850775,14937850800
2392,2392,14944100775,14944100800
2393,2393,14950350775,14950350800
2394,2394,14956600775,14956600800
2395,2395,14962850775,14962850800
2396,2396,14969100775,14969100800
2397,2397,14975350775,14975350800
2398,2398,14981600775,14981600800
2399,2399,14987850775,14987850800
2400,2400,14994100775,14994100800
2401,2401,15000350775,15000350800
2402,2402,15006600775,15006600800
2403,2403,15012850775,15012850800
2404,2404,15019100775,15019100800
2405,2405,15025350775,15025350800
2406,2406,15031600775,15031600800
2407,2407,15037850775,15037850800
2408,2408,15044100775,15044100800
2409,2409,15050350775,15050350800
2410,2410,15056600775,15056600800
2411,2411,15062850775,15062850800
2412,2412,15069100775,15069100800
2413,2413,15075350775,15075350800
2414,2414,15081600775,15081600800
2415,2415,15087850775,15087850800
2416,2416,15094100775,15094100800
2417,2417,15100350775,15100350800
2418,2418,15106600775,15106600800
2419,2419,15112850775,15112850800
2420,2420,15119100775,15119100800
2421,2421,15125350775,15125350800
2422,2422,15131600775,15131600800
2423,2423,15137850775,15137850800
2424,2424,15144100775,15144100800
2425,2425,15150350775,15150350800
2426,2426,15156600775,15156600800
2427,2427,15162850775,15162850800
2428,2428,15169100775,15169100800
2429,2429,15175350775,15175350800
2430,2430,15181600775,15181600800
2431,2431,15187850775,15187850800
2432,2432,15194100775,15194100800
2433,2433,15200350775,15200350800
2434,2434,15206600775,15206600800
2435,2435,15212850775,15212850800
2436,2436,15219100775,15219100800
2437,2437,15225350775,15225350800
2438,2438,15231600775,15231600800
2439,2439,15237850775,15237850800
2440,2440,15244100775,15244100800
2441,2441,15250350775,15250350800
2442,2442,15256600775,15256600800
2443,2443,15262850775,15262850800
2444,2444,15269100775,15269100800
2445,2445,15275350775,15275350800
2446,2446,15281600775,15281600800
